site_Sequence,site_Start,site_End
ACUGC,2,6
ACUGC,3,7
ACUGC,4,8
ACUGC,7,11
ACUGC,9,13
ACUGC,10,14
ACUGC,11,15
ACUGC,12,16
ACUGC,13,17
ACUGC,14,18
ACUGC,15,19
ACUGC,16,20
ACUGC,17,21
ACUGC,21,25
ACUGC,22,26
ACUGC,23,27
ACUGC,24,28
ACUGC,25,29
ACUGC,26,30
ACUGC,27,31
ACUGC,28,32
ACUGC,29,33
ACUGC,30,34
ACUGC,32,36
ACUGC,33,37
ACUGC,36,40
ACUGC,37,41
ACUGC,38,42
ACUGC,39,43
ACUGC,40,44
ACUGC,43,47
ACUGC,44,48
ACUGC,46,50
ACUGC,47,51
ACUGC,50,54
ACUGC,51,55
ACUGC,54,58
ACUGC,55,59
ACUGC,56,60
ACUGC,57,61
ACUGC,59,63
ACUGC,60,64
ACUGC,63,67
ACUGC,64,68
ACUGC,65,69
ACUGC,67,71
ACUGC,70,74
ACUGC,73,77
ACUGC,79,83
ACUGC,84,88
ACUGC,85,89
ACUGC,86,90
ACUGC,87,91
ACUGC,92,96
ACUGC,93,97
ACUGC,103,107
ACUGC,108,112
ACUGC,109,113
ACUGC,114,118
ACUGC,115,119
ACUGC,117,121
ACUGC,118,122
ACUGC,141,145
ACUGC,143,147
ACUGC,144,148
GGGAGA,1,6
GGGAGA,3,8
GGGAGA,7,12
GGGAGA,9,14
GGGAGA,10,15
GGGAGA,11,16
GGGAGA,13,18
GGGAGA,16,21
GGGAGA,17,22
GGGAGA,18,23
GGGAGA,20,25
GGGAGA,22,27
GGGAGA,23,28
GGGAGA,24,29
GGGAGA,25,30
GGGAGA,26,31
GGGAGA,27,32
GGGAGA,28,33
GGGAGA,45,50
GGGAGA,51,56
GGGAGA,55,60
GGGAGA,68,73
GGGAGA,82,87
GGGAGA,84,89
GGGAGA,85,90
GGGAGA,97,102
GGGAGA,98,103
GGGAGA,99,104
GGGAGA,134,139
CAUCUAC,1,7
CGUAUAC,6,12
CGUCUAG,6,12
CGUCUAG,7,13
CGUCUAG,9,15
CAUCUAC,14,20
CGUCUAC,16,22
CAUCUAG,17,23
CGUAUAC,25,31
CGUCUAC,35,41
CGUCUAG,37,43
CGUCUAG,40,46
CGUAUAC,41,47
CAUCUAC,43,49
CGUCUAC,47,53
CGUAUAC,53,59
CGUCUAC,61,67
CGUAUAC,76,82
CAUCUAC,78,84
CAUCUAC,82,88
CGUCUAC,92,98
CAUCUAC,95,101
CGUCUAG,99,105
CGUCUAG,100,106
CGUCUAC,102,108
CGUCUAC,103,109
CGUCUAC,104,110
CGUCUAC,135,141
CGUCUAC,142,148
CGUCUAC,145,151
CGUCUAC,150,156
GCCAAUGA,1,8
GGCAAGGA,1,8
GGGAGAAU,1,8
GGGAGCAU,1,8
GGGCGAAU,1,8
GCCACGGA,3,10
GCCAAUGA,7,14
GGGAGCAU,9,16
GCCAAGGC,11,18
GGGAGCAU,11,18
GGCAAGGA,18,25
GGGAGAAU,20,27
GCUAAGGA,21,28
GCCAAUGA,25,32
GCCAAUGA,26,33
GGGAGCAU,28,35
GCCUAGGA,34,41
GCCAAGGC,36,43
GCCACGGA,37,44
GACAAGGA,38,45
GCCAAGGA,46,53
GCCAAGGC,47,54
GCGAGAAU,52,59
GCCAAGGA,57,64
GCGAGAAU,58,65
GCCAAGGC,64,71
GCCAAUGC,65,72
GCCAAUGA,68,75
GCCAAUGA,70,77
GCCAAUGA,71,78
GCCAAGGC,88,95
GACAAGGC,107,114
GACAAGGA,140,147
GACAAGGA,141,148
AUGGAUCCA,4,12
AGGGAUCCA,5,13
AUGGAUCCA,5,13
AUCGAUCCA,17,25
AUUGAUCCA,24,32
AUCGAUCCA,40,48
AUUGAUCCA,47,55
AUGGAUCCU,68,76
AUGGAUCCA,69,77
AUGGAUCCA,73,81
AUGGAUCCC,80,88
AUGGAUCCC,81,89
AUGGAUCCA,86,94
AUGGAUCCU,99,107
AUGGAUCCU,109,117
AUGGAUCCU,110,118
AUGGAUCCU,111,119
AUGGAUCCU,142,150
AUGGAUCCU,149,157
AUGGAUCCU,152,160
AUGGAUCCU,157,165
UACCAGCUUA,2,11
GGUGAAACGG,4,13
UACCAGCUUA,7,16
GGGGAAACCC,10,19
UACCAGGUCA,10,19
AAUAAAACGC,11,20
GAUGAAACAC,12,21
GGUGACACAC,13,22
UAACAGCUCA,14,23
AGUGCAACGC,21,30
UACCAGGUCA,21,30
UGUGUAACCC,23,32
GAUGUAACGC,27,36
UGUGAAAUCC,27,36
GAUGUAACCC,30,39
GAUGAAACCC,32,41
GAUGUAACCC,32,41
GGUGACACAC,32,41
GGUGACACAC,33,42
UAUGUAACCC,33,42
GGUGAAAUAC,34,43
AGUGAAACCA,35,44
GAUGAAACAC,35,44
GGUGAAAUAC,36,45
UGUGCAACCC,36,45
AGUGAAACUC,38,47
UACCAGGUCA,38,47
GAUAAAACCC,39,48
GGUGAAAUGC,39,48
UGUGCAACCC,40,49
GAUGACACAC,41,50
GGUGGAACCC,43,52
UAACAGCUCA,43,52
AGUUAAACAC,44,53
UAACAGCUCA,44,53
UACAAGCUUC,45,54
UACAAGCUUC,46,55
AGUAAAACGC,47,56
AGUGAAACAA,47,56
AGUGAAACGC,48,57
GGUGAAACUC,48,57
GAUGUAACCC,49,58
UACAAGCUUC,51,60
AGUGAAACGC,52,61
CGUGAAACAC,52,61
AAUGAAAUGC,53,62
AGUGAAACGC,53,62
AGUGAAACGC,54,63
CGUGAAACAC,54,63
UAACAGCUAA,54,63
UAACAGCUCA,54,63
AGUGAAACGC,55,64
CGUGAAACAC,55,64
UAACAGCUAA,55,64
UACAAGCUUC,55,64
UACAAGCUUC,56,65
UACAAGCUUC,57,66
GGUGAAAUAC,61,70
UGUGUAACCC,61,70
UACCAGGUCA,62,71
GGUGGAACCC,66,75
UACAAGCUUC,70,79
UACAAGCUUC,71,80
GAUGACACGC,72,81
GGUGAAAUAC,72,81
UACAAGCUUC,78,87
UACAAGCUUC,82,91
GGUGAAACCC,99,108
GUUAAAACCC,99,108
GGUGAAACCC,100,109
GGUGAAACCC,101,110
GUUAAAACCC,101,110
GGUGAAACCC,102,111
GUUAAAACCC,108,117
CAGCGCCGGUGG,2,13
UAGAUACGAUGG,3,14
UAGCUCAGUCGG,5,16
UCGCUAAGUUGG,5,16
CAGCUCAGCGGU,6,17
UAGCUCAGUUGG,6,17
UAGCGCACAUGC,7,18
UAGCUCAGUUGG,7,18
UAGCGCAGCCCG,8,19
UAGCGCAGCCUG,8,19
UAGCUCAAUUGG,8,19
UAGCUCAGCAGG,8,19
UAGCUCAGCGGA,8,19
UAGCUCAGCGGG,8,19
UAGCUCAGCGGU,8,19
UAGCUCAGCUGG,8,19
UAGCUCAGGUGG,8,19
UAGCUCAGUCGG,8,19
UAGCUCAGUUGG,8,19
UAGUUCAAUUGG,8,19
UAGUUCAGCCUG,8,19
UAGUUCAGUCGG,8,19
UAGCUCAGCUGG,9,20
UAGCUCAGUCGG,9,20
UAGCUCAGUUGG,9,20
CCAUGCCGAACU,12,23
UGGCUCAGUGGG,12,23
CCAGGCCGAUCU,13,24
CCAUGCCGAUGU,16,27
UAGAUCACACGG,16,27
UAGCUCAGUGGU,16,27
UAGAGCAGCCGG,20,31
UAGAGCAGACGG,21,32
UAGCGCACCUCG,21,32
CAGCGCCGGUGG,22,33
CCUUGCCUAACA,22,33
UCAUGCCGAGCU,24,35
CCAUCCGUAACU,26,37
UACUUCAGAUGG,26,37
CCAGCCCUAGCU,31,42
UAGCUCACGUGC,31,42
CCAUGCCGAACU,32,43
CAGAUCAGAAGG,34,45
UCAUGUCGAACU,35,46
CCAUCCCGAACA,36,47
CCAUCCCGAACU,36,47
CCAUGCCGAACU,36,47
CCAUGCCUAGAU,36,47
CCAUGCCGAACU,37,48
CCAUUCCGAACA,37,48
GCAUGCCGAUAU,37,48
CCAUGCCGAACU,38,49
CCAUUCCGAACA,38,49
CCAUCCCGAACA,39,50
CCAUGCCGAACU,39,50
CCAUUCCGAACA,39,50
CCAUCCGGAACU,40,51
UCAUGCCGAGCU,43,54
UCAUGCCGAGCU,44,55
UAGCUCACUGGU,46,57
UAGCUCACUGGU,47,58
UAGUGCCCAUGG,50,61
UAGUUAAGCUGG,50,61
UAGCGCACAUGC,51,62
UAGUGCCCAUGG,51,62
UAGCUCACUGGU,55,66
CAGUUCAGACGU,59,70
UAGCGCCGAUGG,60,71
CAGUUCAGACGU,63,74
UAGCGCCGAUGG,64,75
CAGCGCCGAUGG,65,76
UAGCGCCGAUGG,65,76
UAGUGCCCAUGG,65,76
CAGCGCCGAUGG,66,77
CAGCGCCGAUGG,67,78
UAGUUCACCUCG,73,84
AUAGUGAGGGCAG,16,28
AUAGUAGGCGCAU,18,30
AUAGUGAGGGCAG,18,30
AUAGCGUGGGCAU,20,32
AUAGUUAGUGUAU,26,38
AUAGUUUGUUCAG,28,40
AUAGCAAGUUAAA,36,48
AUAGUAUCUGAAA,37,49
AUAGCAAGUUAAA,38,50
CUAGCAAGCGCAA,39,51
AUAGUGAGGGCAG,43,55
AUAGUAAGUGCAA,61,73
AUAGUAACCUUAA,71,83
AUAGUAAGUGCAA,92,104
AUAGUAAGUGCAA,93,105
AUAGUAAGUGCAA,94,106
AUAGUAAGUGCAA,95,107
AUAGUAAGUGCAA,96,108
AUAGUAAGUGCAA,97,109
ACCUUUGUACCCCA,3,16
CCCAUGGCACGCCG,3,16
GACAUUGCACCCGG,3,16
UCCAUUGCACUCCG,3,16
ACCAUUGCACUCCG,4,17
CCCAUAGCACUGUG,9,22
GCCAUUGCACUCCG,9,22
UCCGACCAGAAGCA,9,22
UCCGACCAGAAGCC,9,22
UCCGACCAGAAGCU,9,22
UCCGACCAGAAGGC,9,22
UCCGACCAGAAGGG,9,22
UCCGACCAGAAGUA,9,22
UCCGACCAGAAGUG,9,22
UCCGACCAGAAGUU,9,22
UCCGACCAGAGGCU,9,22
UCCGACCAGAGGUU,9,22
CCCAUAGCACUGUG,11,24
CCCAUAGCACUGUG,12,25
GACAUUGAACCACG,13,26
ACUUGACGAAGCUU,14,27
AGGAUUGAACUACG,14,27
UCCAUUGCACUCCG,17,30
UUCGACAGGAGGCU,18,31
UCCAUUGCACUCCG,21,34
UCCGAAAGGAAGCA,22,35
AGGAUUGAACUACG,23,36
UCUCGACGAAGCGU,26,39
CCCAUUGCACUCCG,27,40
UCCGACCAGAAGGG,28,41
CCCAUUGCACUCCG,31,44
UCCAUUGCACUCCG,32,45
ACCAUUGCACUCCG,33,46
ACUUGACGAAGCUU,33,46
CCCAUUGCACUCCG,33,46
UCCGAAAGGAAGCA,33,46
GCUUGACGUAGCUA,44,57
ACCAUUGCACUCCG,45,58
ACCAUUGCACUCCG,48,61
UCCGAAAGGAAGCA,50,63
UCCGGAAGGAAGCA,50,63
UUCGACAGGAGGCU,52,65
UUCGACAGGAGGCU,53,66
UUCGACAUGAGGCC,53,66
UUCGACAUGAGGCC,54,67
GGCAUUGCACUCCG,55,68
UUCGACAGGAGGCU,55,68
ACCAUUGCACUCCG,56,69
UUCGACAUGAGGCC,57,70
ACUUGACGAAGCUU,58,71
CCCAUUGCACUCCG,59,72
UUCGACAUGAGGCC,60,73
UCCAUUGCACUCCG,62,75
UUCAACCGGAUGCC,62,75
GCCAUUGCACCUCG,63,76
UUCGACAGGAGGCU,63,76
UUCGACAGGAGGCU,64,77
UUCGACAGGAGGCU,65,78
UUCGUCAGGAGGCU,65,78
ACUUGACGAAGCUU,66,79
CCCAUUGCACUCCG,66,79
ACUUGACAAAGCUA,67,80
ACUUGACGAAGCUU,67,80
UCCAUUGCAUGUAG,67,80
UUCGACAGGAGGCU,67,80
GCCAUUGCAUGUAG,68,81
ACCAUUGCGCCAAG,69,82
UUCGACAGGAGGCU,69,82
ACCAUUGCGCCAAG,71,84
UUCGACAUGAGACU,73,86
UCCGGAAGGAAGCA,74,87
UUCGACAUGAGACU,74,87
ACUUGACGAAGCUU,77,90
GCCGUUGCCUUCCG,82,95
UUCGACAUGAGGCC,84,97
ACUUGACUAGCCUU,87,100
AGUUGACGUUGCUU,93,106
AGUUGACGUUGCUU,94,107
AGUUGACGUUGCUU,96,109
AGUUGACGUUGCUU,97,110
ACUUGACUAGUCUU,98,111
AUACGACUCACUAUA,3,17
AUACGACUCACUAUA,5,19
GGACGACUCACUAUU,11,25
AUACGACUCACUAUA,12,26
AGACGACUCGCCCGA,37,51
AGACGACUCGCUGAG,42,56
AGAAGACUCGCAAGA,46,60
GGACGACGCGCCCGA,46,60
AGACGACUCGCUGAG,47,61
AGAAGACUCGCAAGA,48,62
AGACGACUCGCCCGA,55,69
AGACGACUCGCCCGA,56,70
AGAAGACUCGCAAGA,57,71
AGACGACUCGCCCGA,57,71
AGACGACUCGCUGAG,57,71
CGACGACUCGCUGAG,63,77
AGACGACUCGCCCGA,67,81
AGACGACUCGCCCGA,73,87
AGACGACUCGCCCGA,74,88
UGACGACUUGCAAUA,88,102
UGACGACUUGCAAUA,89,103
GAGGACGAUGCGGACU,1,16
ACGGUUCGAAUCCGUG,3,18
GAGGACGAUGCGGACA,3,18
GAGGACGAUGCGGACC,3,18
GAGGACGAUGCGGACU,3,18
GAGGACGAUGCGGAGC,3,18
GAGGACGAUGCGGAUC,3,18
GAGGACGAUGCGGAUU,3,18
GAGGACGAUGCGGCAC,3,18
GAGGACGAUGCGGCAG,3,18
GAGGACGAUGCGGCGU,3,18
GAGGACGAUGCGGGAA,3,18
GAGGACGAUGCGGGCC,3,18
GAGGACGAUGCGGGGA,3,18
GAGGACGAUGCGGUCC,3,18
GAGGACGAUGCGGUCG,3,18
GAGGACGAUGCGGUGA,3,18
GAGGACGAUGCGGUGG,3,18
GAGGACGAUGUUAAGG,3,18
GAGGACGAUGUUACAA,3,18
GAGGACGAUGUUACAU,3,18
GAGGACGAUGUUACCC,3,18
GAGGACGAUGUUACGC,3,18
GAGGACGAUGUUACGU,3,18
GAGGACGAUGUUACUA,3,18
GAGGACGAUGUUAGAC,3,18
GAGGACGAUGUUAGGU,3,18
GAGGACGAUGUUAGUG,3,18
GAGGACGAUGUUAUAG,3,18
GAGGACGAUGUUAUCA,3,18
GAGGACGAUGUUAUGG,3,18
GAGGACGAUGCGGGAU,4,19
GAGGACGAUGCGGGGU,4,19
ACGGUUCGAAUCCGUG,5,20
ACGGUUCGAUCCCGUU,5,20
AUGGUUCAAGUCCAUU,9,24
CAGGUUCGAAUCCUGC,9,24
CAGGUUCGAGUCCUGC,9,24
GCGGUUCGAUCCCGCU,9,24
GCGGUUCGAUUCCGCC,9,24
GGGGUUCGAGUCCCCG,9,24
AAGGUCGAUACGGACG,10,25
GCGGUUCGAUCCCGCU,10,25
GAGGACGAUGCGGAAA,19,34
GAGGACGAUGCGGAAC,19,34
GAGGACGAUGCGGACA,19,34
GAUGUCGAUUCGACAG,19,34
GAGGACGAUGCGGAAU,20,35
GAGGACGAUGCGGACA,20,35
GAGGACGAUGCGGACU,20,35
GAGGACGAUGCGGAGU,20,35
GAGGACGAUGCGGCAU,20,35
GAUGACGAGUCUGAUC,20,35
GGGGCUCGAACCCGCG,21,36
AAGGUCGAUACGGACG,22,37
GAGGCUCGAAUUCGCC,32,47
UGGGUUCGACUCCCAC,40,55
GAGGUCGAGAUUGUCG,41,56
CGGGUUCGAUUCCCGC,42,57
GAGGCCGAGGCAGGCG,43,58
GAGGCCGAGGCGGGAG,43,58
GAGGCCGAGGCGGGCG,43,58
GAGGCCGAGGCGGGUG,43,58
GGGGUCGAAGUGGACG,43,58
AGGGACGAUGGGGAAG,44,59
GAGGCCGAGGCGGGCG,44,59
GAGGCCGAGGCGGGCG,45,60
GAGGUUCGAAUCCUCG,46,61
GAGGUUCGAAUCCUCG,47,62
UUGGUUCGAUUCCGAG,47,62
CCGGUUCGACUCCGGA,48,63
CGGGUUCGAUUCCCGG,48,63
GAGGUUCGAAUCCUCG,48,63
GAGGUUCGAGUCCUCC,48,63
GGGGUUCAAUUCCCCG,48,63
GGGGUUCGAAUCCCCU,48,63
CAGGUUCAAGUCCUGG,49,64
CAGGUUCGAAUCCUGC,49,64
CCGGUUCGAAUCCGGG,49,64
CGGGUUCAAAUCCCGC,49,64
GAGGUUCGAAUCCUCG,49,64
GCGGUUCGACUCCGCU,49,64
GCGGUUCGAUUCCGCC,49,64
GGGGUUCAAUUCCCCG,49,64
GGGGUUCGAUUCCCCC,49,64
GUGGUUCGAACCCGCG,49,64
UAGGUUCAAGUCCUAC,49,64
UGGGUUCAAAUCCCAC,49,64
CAGGUUCGAGUCCUGC,50,65
CUGGUUCGAGUCCAGG,50,65
GCAGUUCGAAUCUGCC,50,65
GCGGUUCGAGCCCGCU,50,65
GCGGUUCGAUUCCGCC,50,65
GCGGUUCGAUUCCGCG,50,65
GCGGUUCGAUUCCGCU,50,65
GCGGUUCGAUUCUGCU,50,65
GGAGUUCGAGUCUCUC,50,65
GGGGUUCAAAUCCCUA,50,65
GGGGUUCGAAUCCCCU,50,65
UAGGUUCGACUCCUAU,50,65
UUGGUUCGAUUCCGAG,50,65
AGGGUUCAAGUCCCUG,51,66
CGGGUUCGAGUCCCGU,51,66
CUGGUUCAAAUCCGGC,51,66
GAGGUUCAAAUCCUCU,51,66
GAGGUUCGAGUCCUCC,51,66
GCGGUUCGAUUCCGCC,51,66
GGGGUUCAAGUCCCCG,51,66
GGGGUUCGAAUCCUCU,51,66
GUGGUUCAAGUCCACU,51,66
UAGGUUCGAGUCCUAC,51,66
UCGGUUCAAAUCCGGC,51,66
AGGGUUCGAAUCCCUC,52,67
GGGGUUCAAAUCCCCG,52,67
UGGGUUCAAGUCCCAU,52,67
GGAGUUCAAAUCCCAG,55,70
CGGGUUCAAGUCCCGC,56,71
GGGGUUCGAUUCCCCC,56,71
CGGGUUCAAGUCCCGC,57,72
CCGGUUCAAGUCCGGC,58,73
CUGGUUCGAAUCCAGC,60,75
CGGGUUCAAGUCCCGC,61,76
CGGGUUCAAGUCCCGU,61,76
GUGGUUCGAACCCGCG,61,76
AGGGUUCAAAUCCCUG,62,77
CGGGUUCAAGUCCCGC,62,77
GGGGUUCGAAUCCCCG,62,77
GUGGUUCAAUUCCACC,63,78
GAGGCUCGAAUUCGCC,64,79
GGGGUUCAAUUCCCCG,65,80
CGGGUUCAACUCCCGC,66,81
GAGGUUCGAAUCCUCG,66,81
CGGGUUCGAAUCCCGC,68,83
GGUGACGAUACUGUAG,68,83
AGGGUUCGAUUCCCUC,72,87
GAGGUCGAUAGUACUG,72,87
GAGGACGAUGCGGCCG,77,92
GAGGACGAUGCGGCCG,82,97
GAGGUCGAUGUGGAUU,111,126
GCAUCAGACUUUUAAUCU,5,22
GCAGGGGAUUGAAAAUCC,21,38
GCACCGGAUUCUGAUUCC,22,39
GCAGCAGAUUGCAAAUCU,22,39
GCGCCAGACUGAAGAUCU,22,39
ACGGCGGACUCUCGAUCC,23,40
ACGGCGGACUCUGGAUCC,23,40
ACGGCGGACUCUUGAUCC,23,40
GCACCGGAUUCUGAUUCC,23,40
GCACCGGAUUGUGAUUCC,23,40
GCACCGGUUUUUGAUACC,23,40
GCACUGGACUGAAAAUCC,23,40
GCAGCGGACUGCAGAUCC,23,40
GCGCCAGACUGAAGAUCU,23,40
GCGGCGGACUCUAGAUCC,23,40
GCGGCGGACUGCAGAUCC,23,40
GCGGCGGACUUCAGAUCC,23,40
GUACCGGAUUUUUAUUCC,23,40
GUAGCGGAUUGCAAAUCC,23,40
GCACCGGUCUCCAAAACC,24,41
GCACUGGACUGAAAAUCC,24,41
GCAGGGGAUUGAAAAUCC,24,41
GCGCCAGACUGAAGAUCU,24,41
GCGCCAGACUGUGGAUCU,24,41
ACAAGGGAUUAAAAAUCC,25,42
ACAAGGGAUUUAAAAUCC,25,42
ACGGCGGACUGUAGAUCC,25,42
GCACUGGACUGAAAAUCC,25,42
GCAUCAGACUUUUAAUCU,25,42
ACAAGGGAUUUAAAAUCC,26,43
GCACCGGACUGUGGAUCC,26,43
GCGGGGGACUCAAGAUCC,27,44
GUACCGAGCUCAGGUUCC,75,92
GUACCGAGCUCAGGUUCC,83,100
GUACCGAGCUCAGGUUCC,85,102